{"schemaVersion":"1.0","appDefinitionTemplate":{"id":"/providers/Microsoft.PowerApps/apps/","type":"Microsoft.PowerApps/apps","tags":{"primaryDeviceWidth":"1366","primaryDeviceHeight":"768","sienaVersion":"20200514T194652Z-3.20043.22.0","deviceCapabilities":"","supportsPortrait":"false","supportsLandscape":"true","primaryFormFactor":"Tablet","publisherVersion":"3.20043.22","minimumRequiredApiVersion":"2.2.0","hasComponent":"false","hasUnlockedComponent":"false","isUnifiedRootApp":"false"},"properties":{"appVersion":"2020-05-14T19:46:52Z","lifeCycleId":"Published","createdByClientVersion":{"major":3,"minor":20043,"build":22,"revision":0,"majorRevision":0,"minorRevision":0},"minClientVersion":{"major":3,"minor":20043,"build":22,"revision":0,"majorRevision":0,"minorRevision":0},"backgroundColor":"rgba(0, 176, 240, 1)","backgroundImageUri":"/16720930785732179784/Na2c42964-64d4-4aa9-861b-dcb8f19143e1-logoSmallFile","displayName":"2020-05-14","description":"","commitMessage":"","appUris":{"documentUri":{"value":"/16720930785732179784/N8bd1b418-1904-4ae8-b5ed-7aa77f989898-document.msapp","readonlyValue":"/16720930785732179784/N8bd1b418-1904-4ae8-b5ed-7aa77f989898-document.msapp"},"imageUris":[]},"createdTime":"0001-01-01T00:00:00Z","lastModifiedTime":"0001-01-01T00:00:00Z","sharedGroupsCount":0,"sharedUsersCount":0,"icons":{"smallIconUri":"/16720930785732179784/N4d6ee818-18e9-485b-ad17-04878b0d2a44-small.png","mediumIconUri":"/16720930785732179784/N2ef5e3c9-accb-4a3b-8085-1d9e5a00e6e5-medium.png","largeIconUri":"/16720930785732179784/N88d2f81f-c8af-4b17-b13b-eee9c84d7904-large.png","wideIconUri":"/16720930785732179784/Nc374a5a5-fb0d-4916-9652-2f05f7e952c1-wide.png"},"connectionReferences":{"d8ea4c8d-f232-485e-92bd-074ed03c8baa":{"id":"c61a0c15-bba9-4a1c-a3ff-0046383969d8","displayName":"SharePoint","iconUri":"https://connectoricons-prod.azureedge.net/sharepointonline/icon_1.0.1329.1956.png","dataSources":["Orders","Products"],"dependencies":[],"dependents":[],"parameterHints":{},"isOnPremiseConnection":false,"bypassConsent":false,"dataSets":{"https://faf202005.sharepoint.com/sites/2020-05-14_A/":{"dataSources":{"Orders":{"tableName":"e3f11ff9-8e40-49c2-8fc2-ccf8daf39de7"},"Products":{"tableName":"700a9a6a-f35f-4a88-ad66-3920296ae9f3"}}}},"apiTier":"Standard","isCustomApiConnection":false}},"databaseReferences":{},"almMode":"Environment","performanceOptimizationEnabled":true,"canConsumeAppPass":true},"isAppComponentLibrary":false,"appType":"ClassicCanvasApp","appComponents":[]}}