{"schemaVersion":"1.0","appDefinitionTemplate":{"id":"/providers/Microsoft.PowerApps/apps/","type":"Microsoft.PowerApps/apps","tags":{"minimumRequiredApiVersion":"2.2.0"},"properties":{"appVersion":"2019-02-28T16:31:33Z","lifeCycleId":"Published","createdByClientVersion":{"major":3,"minor":19023,"build":12,"revision":0,"majorRevision":0,"minorRevision":0},"minClientVersion":{"major":3,"minor":19023,"build":12,"revision":0,"majorRevision":0,"minorRevision":0},"backgroundColor":"rgba(0, 176, 240, 1)","backgroundImageUri":"/11318427688529464710/N84e7574b-b4f3-4b3a-8250-d6a8ed79a35b-logoSmallFile","displayName":"Double-click","description":"","appUris":{"documentUri":{"value":"/11318427688529464710/N5cd03c7a-fd75-4581-8e32-9600dc0a6aa3-document.msapp","readonlyValue":"/11318427688529464710/N5cd03c7a-fd75-4581-8e32-9600dc0a6aa3-document.msapp"},"imageUris":[]},"createdTime":"0001-01-01T00:00:00Z","lastModifiedTime":"0001-01-01T00:00:00Z","sharedGroupsCount":0,"sharedUsersCount":0,"icons":{"smallIconUri":"/11318427688529464710/N34d6fd7c-323a-4e73-b648-23bae4581fa0-small.png","mediumIconUri":"/11318427688529464710/N610df727-8e86-4d51-8d73-b6e2feb6b33b-medium.png","largeIconUri":"/11318427688529464710/N102d858f-ddcf-45a5-ad45-37e28f22482b-large.png","wideIconUri":"/11318427688529464710/N9f1156d1-72c4-4d99-b747-c2f62e5264d1-wide.png"},"connectionReferences":{},"almMode":"Environment"}}}