{"schemaVersion":"1.0","appDefinitionTemplate":{"id":"/providers/Microsoft.PowerApps/apps/","type":"Microsoft.PowerApps/apps","tags":{"minimumRequiredApiVersion":"2.2.0"},"properties":{"appVersion":"2019-02-20T13:33:10Z","lifeCycleId":"Published","createdByClientVersion":{"major":3,"minor":19021,"build":13,"revision":0,"majorRevision":0,"minorRevision":0},"minClientVersion":{"major":3,"minor":19021,"build":13,"revision":0,"majorRevision":0,"minorRevision":0},"backgroundColor":"rgba(0, 176, 240, 1)","backgroundImageUri":"/3012836775190869051/N13640793-d672-4010-beeb-8ec04072955c-logoSmallFile","displayName":"APP-2 - Memory","description":"","appUris":{"documentUri":{"value":"/3012836775190869051/N17bb7b2a-804c-4209-965f-e4c216c17aed-document.msapp","readonlyValue":"/3012836775190869051/N17bb7b2a-804c-4209-965f-e4c216c17aed-document.msapp"},"imageUris":[]},"createdTime":"0001-01-01T00:00:00Z","lastModifiedTime":"0001-01-01T00:00:00Z","sharedGroupsCount":0,"sharedUsersCount":0,"icons":{"smallIconUri":"/3012836775190869051/Nc6a40a14-7549-4415-8b16-0e473613976f-small.png","mediumIconUri":"/3012836775190869051/N3c4e9f9b-ea65-4b7a-a475-fb436fd88b22-medium.png","largeIconUri":"/3012836775190869051/Na50405e9-c27e-49fd-afa1-0f265f1fd74c-large.png","wideIconUri":"/3012836775190869051/N5be8c6a1-3960-4268-9b50-bb97e01a9a20-wide.png"},"connectionReferences":{"1dbf0ee8-8444-43f8-81c8-2bdbe99dbccd":{"id":"5b2c839c-6aae-4ce5-98fc-adda3893a8e4","displayName":"SharePoint","iconUri":"https://connectoricons-prod.azureedge.net/sharepointonline/icon_1.0.1008.1183.png","dataSources":["Memory images"],"dependencies":[],"dependents":[],"parameterHints":{},"isOnPremiseConnection":false,"bypassConsent":false,"dataSets":{"https://formsandflows.sharepoint.com/sites/app-2/":{"dataSources":{"Memory images":{"tableName":"efdb0765-031b-433b-a5db-b003b7df5cd0"}}}},"apiTier":"Standard","isCustomApiConnection":false}},"almMode":"Environment"}}}