{"schemaVersion":"1.0","appDefinitionTemplate":{"id":"/providers/Microsoft.PowerApps/apps/","type":"Microsoft.PowerApps/apps","tags":{"primaryDeviceWidth":"1366","primaryDeviceHeight":"768","sienaVersion":"20200519T092439Z-3.20051.16.0","deviceCapabilities":"","supportsPortrait":"false","supportsLandscape":"true","primaryFormFactor":"Tablet","publisherVersion":"3.20051.16","minimumRequiredApiVersion":"2.2.0","hasComponent":"false","hasUnlockedComponent":"false","isUnifiedRootApp":"false"},"properties":{"appVersion":"2020-05-19T09:24:39Z","lifeCycleId":"Published","createdByClientVersion":{"major":3,"minor":20051,"build":16,"revision":0,"majorRevision":0,"minorRevision":0},"minClientVersion":{"major":3,"minor":20051,"build":16,"revision":0,"majorRevision":0,"minorRevision":0},"backgroundColor":"rgba(0, 176, 240, 1)","backgroundImageUri":"/10733412708530751465/N50d627c8-2606-432c-844f-03d01f70693e-logoSmallFile","displayName":"2020-05-19","description":"","commitMessage":"","appUris":{"documentUri":{"value":"/10733412708530751465/Na46ceebb-05d4-47e6-a7ac-85d3c2fb05d8-document.msapp","readonlyValue":"/10733412708530751465/Na46ceebb-05d4-47e6-a7ac-85d3c2fb05d8-document.msapp"},"imageUris":[]},"createdTime":"0001-01-01T00:00:00Z","lastModifiedTime":"0001-01-01T00:00:00Z","sharedGroupsCount":0,"sharedUsersCount":0,"icons":{"smallIconUri":"/10733412708530751465/N906b6948-5300-4b6c-b35e-255d700d2559-small.png","mediumIconUri":"/10733412708530751465/N015f6560-af99-4527-a396-97bd4b9b74b6-medium.png","largeIconUri":"/10733412708530751465/Nfab6b3a3-aa1b-40a2-afa0-29c800034d84-large.png","wideIconUri":"/10733412708530751465/Nfe3a0ff7-f9e9-44f3-a187-5ca63ff04e88-wide.png"},"connectionReferences":{"d8ea4c8d-f232-485e-92bd-074ed03c8baa":{"id":"c61a0c15-bba9-4a1c-a3ff-0046383969d8","displayName":"SharePoint","iconUri":"https://connectoricons-prod.azureedge.net/sharepointonline/icon_1.0.1329.1956.png","dataSources":["Orders","Products"],"dependencies":[],"dependents":[],"parameterHints":{},"isOnPremiseConnection":false,"dataSets":{"https://faf202005.sharepoint.com/sites/2020-05-14_A/":{"dataSources":{"Orders":{"tableName":"e3f11ff9-8e40-49c2-8fc2-ccf8daf39de7"},"Products":{"tableName":"700a9a6a-f35f-4a88-ad66-3920296ae9f3"}}}},"apiTier":"Standard","isCustomApiConnection":false}},"databaseReferences":{},"almMode":"Environment","performanceOptimizationEnabled":true,"canConsumeAppPass":true},"isAppComponentLibrary":false,"appType":"ClassicCanvasApp","appComponents":[]}}